{
  "title": "Árbol de Decisiones - Enterprise Low Code Platform ITAÚ",
  "subtitle": "Guía de Decisiones para el Negocio - Automatización de Procesos Internos",
  "main_flows": [
    {
      "id": "eligibility",
      "title": "¿Puedo usar Low Code para mi proceso?",
      "icon": "🎯",
      "color": "#2563eb",
      "description": "Validación inicial de elegibilidad",
      "decision_tree": {
        "question": "¿Para quién es esta solución?",
        "options": [
          {
            "answer": "Colaboradores internos ITAÚ",
            "result": "✅ ELEGIBLE",
            "next_question": "¿Qué tipo de proceso automatizarás?",
            "sub_options": [
              {
                "answer": "Procesos de ofimática (Office 365)",
                "result": "✅ APROBADO - Continúa con validaciones",
                "requirements": [
                  "Requiere aprobación Arquitectura Empresarial",
                  "Requiere validación Ciberseguridad",
                  "Debe usar solo Office 365 + Power Platform"
                ]
              },
              {
                "answer": "Procesos con sistemas bancarios",
                "result": "❌ NO PERMITIDO",
                "reason": "No se permite integración con ecosistema Itaú"
              },
              {
                "answer": "Procesos con datos de clientes",
                "result": "⚠️ REQUIERE AUTORIZACIÓN ESPECIAL",
                "requirements": [
                  "Autorización expresa Protección del Dato",
                  "Validación Ciberseguridad",
                  "Validación Seguridad TI"
                ]
              }
            ]
          },
          {
            "answer": "Clientes externos del banco",
            "result": "❌ NO PERMITIDO",
            "reason": "Prohibido crear soluciones para clientes finales"
          },
          {
            "answer": "Usuarios externos a ITAÚ",
            "result": "❌ NO PERMITIDO",
            "reason": "Prohibido crear aplicaciones para usuarios externos"
          }
        ]
      }
    },
    {
      "id": "data_usage",
      "title": "¿Qué datos puedo usar?",
      "icon": "🗄️",
      "color": "#059669",
      "description": "Clasificación y permisos de datos",
      "decision_tree": {
        "question": "¿Qué tipo de datos necesita tu solución?",
        "options": [
          {
            "answer": "Datos de colaboradores internos",
            "result": "✅ PERMITIDO",
            "conditions": [
              "Solo en bases de datos homologadas",
              "Debe definir ciclo de vida de datos",
              "Separación por capas y usuarios"
            ]
          },
          {
            "answer": "Datos de clientes",
            "result": "⚠️ REQUIERE TRIPLE AUTORIZACIÓN",
            "process": [
              "1. Solicitar autorización Protección del Dato",
              "2. Obtener aprobación Seguridad TI",
              "3. Validar con Ciberseguridad",
              "4. Documentar justificación de negocio"
            ]
          },
          {
            "answer": "Datos de sistemas de gobierno",
            "result": "❌ NO PERMITIDO",
            "reason": "Plataforma es SOLO CONSUMIDORA, no productora de datos gobierno"
          },
          {
            "answer": "Datos externos al banco",
            "result": "❌ NO PERMITIDO",
            "reason": "No se permiten accesos a repositorios externos"
          }
        ]
      }
    },
    {
      "id": "solution_design",
      "title": "¿Cómo diseño mi solución?",
      "icon": "🏗️",
      "color": "#7c3aed",
      "description": "Proceso de diseño y arquitectura",
      "decision_tree": {
        "question": "¿Tienes las historias de usuario cerradas?",
        "options": [
          {
            "answer": "Sí, están cerradas y definidas",
            "result": "✅ CONTINÚA",
            "next_question": "¿Qué tan completo está tu diseño?",
            "sub_options": [
              {
                "answer": "80% o más completitud",
                "result": "✅ LISTO PARA VALIDACIÓN",
                "next_steps": [
                  "Solicitar tallaje según ATI-PRCD-02",
                  "Presentar a CoE Arquitectura",
                  "Si es necesario: escalamiento a CTO"
                ]
              },
              {
                "answer": "Menos de 80% completitud",
                "result": "⏸️ COMPLETAR DISEÑO",
                "requirements": [
                  "Debe cubrir todos los estándares arquitectónicos",
                  "Diseño modular obligatorio",
                  "Componentes reutilizables"
                ]
              }
            ]
          },
          {
            "answer": "No, aún están en desarrollo",
            "result": "⏸️ DETENER - COMPLETAR HU PRIMERO",
            "reason": "No se puede iniciar diseño sin HU cerradas"
          }
        ]
      }
    },
    {
      "id": "security_controls",
      "title": "¿Qué controles de seguridad necesito?",
      "icon": "🔒",
      "color": "#dc2626",
      "description": "Validación de controles de seguridad",
      "decision_tree": {
        "question": "¿Tu solución transmite datos fuera del banco?",
        "options": [
          {
            "answer": "Sí, transmite datos externos",
            "result": "⚠️ CONTROLES OBLIGATORIOS",
            "requirements": [
              "TLS 1.2 o superior OBLIGATORIO",
              "Protocolos seguros: HTTPS, SMTPs, SFTP",
              "Declarar puertos TCP/UDP en diseño",
              "Análisis de tráfico y monitoreo firewall"
            ]
          },
          {
            "answer": "Solo procesa datos internos",
            "result": "✅ CONTROLES ESTÁNDAR",
            "next_question": "¿En qué ambiente vas a desarrollar?",
            "sub_options": [
              {
                "answer": "Desarrollo y pruebas separados",
                "result": "✅ CORRECTO",
                "additional": [
                  "Separación física/lógica obligatoria",
                  "Solo cambios probados a producción",
                  "Gestión de identidades centralizada"
                ]
              },
              {
                "answer": "Desarrollo directo en producción",
                "result": "❌ NO PERMITIDO",
                "reason": "Debe haber separación de ambientes DEV/QA/PROD"
              }
            ]
          }
        ]
      }
    },
    {
      "id": "deployment",
      "title": "¿Cómo despliego mi solución?",
      "icon": "🚀",
      "color": "#ea580c",
      "description": "Proceso de despliegue y puesta en producción",
      "decision_tree": {
        "question": "¿Tu solución usa conectores Premium?",
        "options": [
          {
            "answer": "Sí, necesito conectores Premium",
            "result": "❌ NO PERMITIDO",
            "reason": "Solo conectores estándar de Office 365/Power Platform"
          },
          {
            "answer": "Solo uso conectores estándar",
            "result": "✅ CONTINÚA",
            "next_question": "¿Tienes aprobación de Transición TI?",
            "sub_options": [
              {
                "answer": "Sí, ticket Jira + certificado ADA",
                "result": "✅ LISTO PARA DESPLIEGUE",
                "final_steps": [
                  "Usar herramienta estándar banco para versionado",
                  "Estructura: mensajes-eventos/workflows/",
                  "Formato kebab-case obligatorio",
                  "Monitoreo post-despliegue"
                ]
              },
              {
                "answer": "No tengo las aprobaciones",
                "result": "⏸️ OBTENER APROBACIONES",
                "required_approvals": [
                  "Ticket Jira Transición TI",
                  "Certificado ADA",
                  "Validación final de arquitectura"
                ]
              }
            ]
          }
        ]
      }
    },
    {
      "id": "monitoring_maintenance",
      "title": "¿Cómo monitoreo y mantengo mi solución?",
      "icon": "📊",
      "color": "#0891b2",
      "description": "Operación y mantenimiento post-despliegue",
      "decision_tree": {
        "question": "¿Tienes plan de monitoreo definido?",
        "options": [
          {
            "answer": "Sí, plan completo",
            "result": "✅ OPERACIÓN CORRECTA",
            "operational_requirements": [
              "Monitoreo herramientas Power Automate",
              "Roles productivos con acceso a monitoreo",
              "Plan de respuesta a incidentes",
              "Dependencia del soporte proveedor considerada"
            ]
          },
          {
            "answer": "No tengo plan de monitoreo",
            "result": "⚠️ CREAR PLAN OBLIGATORIO",
            "requirements": [
              "Definir métricas de negocio",
              "Establecer alertas automáticas",
              "Capacitar al equipo operativo",
              "Documentar procedimientos de soporte"
            ]
          }
        ]
      }
    }
  ],
  "risk_matrix": {
    "critical_risks": [
      {
        "scenario": "Uso de datos de clientes sin autorización",
        "impact": "Violación regulatoria + Multas + Riesgo reputacional",
        "prevention": "Triple autorización obligatoria"
      },
      {
        "scenario": "Integración con sistemas bancarios críticos",
        "impact": "Exposición de sistemas críticos + Vulnerabilidades",
        "prevention": "Prohibición absoluta de integraciones"
      },
      {
        "scenario": "Aplicaciones para clientes externos",
        "impact": "Riesgo operacional + Exposición de datos internos",
        "prevention": "Validación de alcance en diseño"
      }
    ],
    "high_risks": [
      {
        "scenario": "Transmisión sin cifrado",
        "impact": "Intercepción de datos + Vulnerabilidades",
        "prevention": "TLS 1.2+ obligatorio"
      },
      {
        "scenario": "Datos sensibles en logs",
        "impact": "Exposición credenciales + Vulnerabilidades",
        "prevention": "Prohibición absoluta + Revisión automática"
      }
    ]
  },
  "decision_paths": {
    "fast_track": {
      "name": "Vía Rápida",
      "criteria": "Procesos internos simples de ofimática",
      "timeline": "2-4 semanas",
      "approvals": [
        "Arquitectura Empresarial",
        "Ciberseguridad"
      ]
    },
    "standard_track": {
      "name": "Vía Estándar",
      "criteria": "Soluciones con datos clasificados",
      "timeline": "6-8 semanas",
      "approvals": [
        "Arquitectura Empresarial",
        "Ciberseguridad",
        "Protección del Dato",
        "CoE Arquitectura"
      ]
    },
    "complex_track": {
      "name": "Vía Compleja",
      "criteria": "Requerimientos especiales o excepciones",
      "timeline": "10-12 semanas",
      "approvals": [
        "Todas las anteriores",
        "CTO Arquitectura",
        "Evaluación de riesgos"
      ]
    }
  }
}