Dominio,Categoría,Criterio de Decisión,Descripción,Tipo,Riesgo si no se cumple,Impacto,Responsable,Verificación
Gobernanza,Aprobación,Aprobación explícita de Arquitectura Empresarial,Se requiere aprobación explícita (correo electrónico) del equipo de Arquitectura Empresarial con detalle del alcance funcional antes de comenzar diseño e implementación,Obligatorio,Alto,"Iniciativas no autorizadas, incumplimiento normativo",Arquitectura Empresarial,Correo electrónico de aprobación
Gobernanza,Cumplimiento,Adherencia a lineamientos,Cualquier incumplimiento será considerado riesgo operacional pudiendo generar OY con equipo de riesgo,Obligatorio,Crítico,"Creación de OY, escalamiento a riesgo operacional",Todos los equipos,Auditorías de cumplimiento
Seguridad,Validación,Aprobación Ciberseguridad y Protección del Dato,Todas las iniciativas deben contar con aprobación de CiberSeguridad y Protección del dato,Obligatorio,Crítico,"Vulnerabilidades de seguridad, incumplimiento regulatorio","Ciberseguridad, Protección del Dato",Certificados de aprobación
Alcance,Usuarios Permitidos,Solo colaboradores internos,Se permite implementación de soluciones Frontend y Backend para casos de uso de colaboradores únicamente,Restrictivo,Alto,Exposición de sistemas internos a externos,Arquitectura de Soluciones,Revisión de casos de uso
Alcance,Usuarios Prohibidos,No clientes finales ni usuarios externos,No se permite crear soluciones para clientes finales o con impacto directo en procesos de negocio. No se permite crear aplicaciones para usuarios externos,Prohibición,Crítico,"Riesgo reputacional, exposición de clientes",Arquitectura Empresarial,Validación de alcance funcional
Tecnología,Plataforma,Limitación a Office 365 y Power Platform,Alcance se limita al uso exclusivo de automatización de procesos de ofimática dentro de Office 365 y Power Platform,Restrictivo,Medio,"Complejidad tecnológica, problemas de integración",Arquitectura Tecnológica,Inventario de componentes utilizados
Seguridad,Integridad de Datos,Protección contra modificación no autorizada,"Se debe resguardar que la información en flujos de low code no se vea modificada, adulterada o manipulada, excepto por grupos y usuarios asignados por el negocio",Obligatorio,Alto,"Corrupción de datos, pérdida de integridad",Arquitectura de Seguridad,"Monitoreo de firewalls, logs de acceso"
Seguridad,Transmisión,TLS 1.2 o superior,Para exponer y transmitir al exterior se debe usar protocolo TLS 1.2 o superior,Obligatorio,Alto,"Intercepción de datos, vulnerabilidades de transmisión",Infraestructura,Configuración de certificados
Seguridad,Protocolos,Protocolos de transmisión segura,"Se deben considerar protocolos de transmisión segura: HTTPS, SMTPs y SFTP",Obligatorio,Alto,"Transmisiones inseguras, vulnerabilidades",Arquitectura de Seguridad,Configuración de protocolos
Infraestructura,Separación de Ambientes,Separación física y lógica,Todos los ambientes de producción y no productivos (Desarrollo y QA) deben estar separados física y lógicamente,Obligatorio,Alto,Contaminación cruzada entre ambientes,Infraestructura,Topología de red
Seguridad,Puertos y Tráfico,Declaración de puertos TCP/UDP,"Solicitante debe declarar puertos TCP/UDP de tráfico de datos, señalización, control, sincronismo, respaldo y administración",Obligatorio,Medio,Configuración inadecuada de firewall,Arquitectura de Soluciones,Documentación técnica
Seguridad,Control de Acceso,Gestión de identidades centralizada,Permisos de conexión deben estar orientados a usuarios específicos mediante gestión de identidades del Banco,Obligatorio,Alto,Accesos no autorizados,Gestión de Identidades,Configuración LDAP/AD
Seguridad,Logging,Prohibición de datos sensibles en logs,"Se prohíbe el envío de logs que incluyan datos sensibles como claves, llaves, secretos, usuarios",Prohibición,Crítico,"Exposición de credenciales, vulnerabilidades",Desarrollo,Revisión de logs
Datos,Datos de Clientes,Prohibición sin autorización expresa,"No se permite uso de datos de clientes sin autorización expresa de equipo de protección del dato, Seguridad TI y Ciberseguridad",Prohibición,Crítico,"Violación de privacidad, sanciones regulatorias",Protección del Dato,Autorización escrita
Datos,Almacenamiento,Bases de datos homologadas,No se permite almacenamiento de datos sensibles en bases de datos no homologadas bajo el CoE de Arquitectura de datos,Restrictivo,Alto,Datos en plataformas no seguras,CoE Arquitectura de Datos,Lista de BD homologadas
Datos,Rol de Plataforma,"Consumidor, no productor",Se establece como herramienta tipo consumidor de datos. No se permite integración con soluciones productoras de datos de Gobierno TI/Compartido,Restrictivo,Medio,"Arquitectura inconsistente, problemas de gobernanza",Arquitectura de Datos,Mapeo de flujos de datos
Capacidad,Licenciamiento,Consideración de cuotas por licencia,Se debe considerar la cuota asignada por tipo de licencia para todos los componentes de la solución,Obligatorio,Medio,"Limitaciones operativas, costos adicionales",Arquitectura de Soluciones,Plan de capacidad
Operación,Monitoreo,Plan de monitoreo obligatorio,Se debe generar plan para monitorear aplicaciones desarrolladas por Comunidad/Unidad de Negocio,Obligatorio,Medio,Falta de visibilidad operativa,Comunidad/Unidad de Negocio,Plan de monitoreo documentado
Soporte,Dependencia de Proveedor,Consideración de dependencia de soporte,Se debe considerar la dependencia del soporte del proveedor sobre posibles incidencias,Consideración,Medio,Tiempos de resolución extendidos,Gestión de Proveedores,SLA con proveedor
Datos,Acceso Externo,Prohibición de accesos externos,No se deben generar accesos hacia repositorios de datos fuera de la plataforma Empresarial de Low Code,Prohibición,Alto,"Integración no controlada, vulnerabilidades",Arquitectura de Datos,Mapeo de conectividad
Datos,Ciclo de Vida,Definición de ciclo de vida de datos,Se debe definir el ciclo de vida de los datos que se traten cualquiera sea su clasificación,Obligatorio,Medio,"Retención inadecuada, incumplimiento regulatorio",Protección del Dato,Políticas de retención
Datos,Separación de Capas,Separación física/lógica de capas de datos,Se debe tener separación física/lógica entre capas de datos dentro de la aplicación y distintos usuarios,Obligatorio,Alto,Acceso no autorizado a datos,Arquitectura de Datos,Arquitectura de capas documentada
Soluciones,Tallaje y Aprobación,Catalogación según ATI-PRCD-02,Cada iniciativa será catalogada con tallaje según ATI-PRCD-02 y debe ser aprobada por CoE Experto de Arquitectura,Obligatorio,Alto,Soluciones sin validación arquitectónica,CoE Arquitectura,Documento de tallaje y aprobación
Integración,Plataformas Obsoletas,Prohibición de integración con plataformas obsoletas,"No debe interactuar con plataformas obsoletas: webmonitor, txserver, modyo, facephi",Prohibición,Alto,Dependencia de tecnologías legacy,Arquitectura de Soluciones,Mapeo de integraciones
Metodología,Historias de Usuario,HU cerradas antes de diseño,Para dar inicio al diseño se debe tener cerrada(s) la(s) historia(s) de usuario,Obligatorio,Medio,"Requerimientos inestables, retrabajos",Product Owner,Estado de HU en backlog
Diseño,Responsabilidad de Diseño,Comunidad/Unidad de Negocio responsable,"Comunidad/Unidad de Negocio debe trabajar propuesta de solución, responsable de primera versión del diseño",Obligatorio,Medio,Falta de ownership del negocio,Comunidad/Unidad de Negocio,Propuesta de solución documentada
Calidad,Completitud de Diseño,Completitud mínima 80%,El diseño debe contar con nivel de completitud del 80% como mínimo,Obligatorio,Medio,"Diseños incompletos, implementación deficiente",Arquitecto de Soluciones,Checklist de completitud
Estándares,Cumplimiento Arquitectónico,Cobertura de todos los estándares,El diseño debe cubrir todos los estándares de arquitectura que se encuentran definidos,Obligatorio,Alto,No conformidad arquitectónica,Arquitecto de Soluciones,Matriz de cumplimiento de estándares
Infraestructura,Ambientes de Desarrollo,Separación DEV y QA,Se debe considerar ambientes separados para desarrollo y pruebas para evitar que cambios en desarrollo afecten producción,Obligatorio,Medio,"Inestabilidad en pruebas, calidad comprometida",Infraestructura,Arquitectura de ambientes
Infraestructura,Ambiente de Producción,Protección de ambiente productivo,Ambiente de producción debe estar bien protegido. Solo cambios aprobados y probados deben implementarse,Obligatorio,Crítico,"Inestabilidad productiva, impacto en negocio",Change Management,Proceso de cambios documentado
Gobernanza,Políticas de Seguridad,Definición de permisos CRUD,"Se debe definir quién tiene permiso para crear, modificar y eliminar aplicaciones y flujos",Obligatorio,Alto,"Accesos no controlados, cambios no autorizados",Administrador de Plataforma,Matriz RACI de permisos
Operación,Monitoreo y Auditoría,Implementación de herramientas de monitoreo,Se debe implementar herramientas de monitoreo y auditoría para rastrear actividades y cambios,Obligatorio,Alto,"Falta de visibilidad, detección tardía de problemas",Operaciones,Dashboard de monitoreo operativo
Diseño,Modularidad,Diseño modular obligatorio,Se debe diseñar aplicaciones de manera modular para facilitar mantenimiento y escalabilidad,Obligatorio,Medio,"Aplicaciones monolíticas, mantenimiento complejo",Arquitecto de Soluciones,Arquitectura modular documentada
Desarrollo,Reutilización,Componentes reutilizables,Se debe utilizar componentes reutilizables para acelerar desarrollo y asegurar consistencia,Recomendado,Bajo,"Desarrollo más lento, inconsistencias",Equipo de Desarrollo,Biblioteca de componentes
Administración,Gestión de Usuarios,Roles y permisos definidos,"Se debe definir roles y permisos adecuados para usuarios, acceso solo a funciones necesarias",Obligatorio,Alto,"Privilege escalation, acceso excesivo",Administrador de Identidades,Matriz de roles y permisos
Automatización,Flujos Automatizados,Automatización de tareas repetitivas,Se debe utilizar flujos de trabajo automatizados para tareas repetitivas para asegurar consistencia y eficiencia,Recomendado,Bajo,"Procesos manuales, errores humanos",Process Owner,Workflows automatizados implementados
Integración,Ecosistema Itaú,Prohibición de integración con ecosistema Itaú,"No se permite integración con ecosistema de aplicaciones Itaú, APIs bancos, Base de datos de comunidades o de Gobierno compartido",Prohibición,Crítico,"Exposición de sistemas críticos, riesgos de seguridad",Arquitectura de Integración,Mapeo de integraciones
Integración,Conectores Premium,Prohibición conectores Premium externos,"No se permite uso y creación de conectores Premium, ni integraciones fuera de Office 365 y Power Platform, salvo autenticación y autorización validados en diseño",Prohibición,Alto,"Integraciones no controladas, costos adicionales",Arquitectura de Integración,Inventario de conectores
Despliegue,Aprobación de Despliegue,Aprobación Transición TI obligatoria,Despliegue entre ambientes debe realizarse con aprobación de Transición TI mediante ticket Jira y certificado ADA,Obligatorio,Alto,"Despliegues no autorizados, falta de trazabilidad",Transición TI,Ticket Jira y certificado ADA
Desarrollo,Control de Versiones,Herramienta estándar banco obligatoria,Para versionamiento y control de código se debe utilizar herramienta estándar banco según ATI-STDR-36,Obligatorio,Medio,"Falta de trazabilidad, problemas de versionamiento",DevOps,Configuración de repositorio
Desarrollo,Estructura de Directorios,Estructura kebab-case obligatoria,Estructura de directorios en kebab-case bajo mensajes-eventos/workflows/<identificador-inventario>/<nombre-aplicacion>,Obligatorio,Bajo,"Inconsistencia en organización, búsqueda compleja",Equipo de Desarrollo,Estructura de repositorio
